m49,VariableGroup,Subgroup,Variable,Area,Year,Value,Unit,Symbol,IsAggregate
795,Water use,Water withdrawal by sector,Agricultural water withdrawal,Turkmenistan,1998,23.79,10^9 m3/year,I,false
795,Water use,Water withdrawal by sector,Agricultural water withdrawal,Turkmenistan,1999,23.915,10^9 m3/year,I,false
795,Water use,Water withdrawal by sector,Agricultural water withdrawal,Turkmenistan,2000,24.04,10^9 m3/year,E,false
795,Water use,Water withdrawal by sector,Agricultural water withdrawal,Turkmenistan,2001,24.607175839,10^9 m3/year,I,false
795,Water use,Water withdrawal by sector,Agricultural water withdrawal,Turkmenistan,2002,25.174351677,10^9 m3/year,I,false
795,Water use,Water withdrawal by sector,Agricultural water withdrawal,Turkmenistan,2003,25.741527516,10^9 m3/year,I,false
795,Water use,Water withdrawal by sector,Agricultural water withdrawal,Turkmenistan,2004,26.36,10^9 m3/year,A,false
795,Water use,Water withdrawal by sector,Agricultural water withdrawal,Turkmenistan,2005,26.372863788,10^9 m3/year,I,false
795,Water use,Water withdrawal by sector,Agricultural water withdrawal,Turkmenistan,2006,26.385727576,10^9 m3/year,I,false
795,Water use,Water withdrawal by sector,Agricultural water withdrawal,Turkmenistan,2007,26.398591364,10^9 m3/year,I,false
795,Water use,Water withdrawal by sector,Agricultural water withdrawal,Turkmenistan,2008,26.411455153,10^9 m3/year,I,false
795,Water use,Water withdrawal by sector,Agricultural water withdrawal,Turkmenistan,2009,26.424318941,10^9 m3/year,I,false
795,Water use,Water withdrawal by sector,Agricultural water withdrawal,Turkmenistan,2010,26.437182729,10^9 m3/year,I,false
795,Water use,Water withdrawal by sector,Agricultural water withdrawal,Turkmenistan,2011,26.450046517,10^9 m3/year,I,false
795,Water use,Water withdrawal by sector,Agricultural water withdrawal,Turkmenistan,2012,26.462910305,10^9 m3/year,I,false
795,Water use,Water withdrawal by sector,Agricultural water withdrawal,Turkmenistan,2013,26.475774093,10^9 m3/year,I,false
795,Water use,Water withdrawal by sector,Agricultural water withdrawal,Turkmenistan,2014,26.488637881,10^9 m3/year,I,false
795,Water use,Water withdrawal by sector,Agricultural water withdrawal,Turkmenistan,2015,26.501501669,10^9 m3/year,I,false
795,Water use,Water withdrawal by sector,Agricultural water withdrawal,Turkmenistan,2016,26.514365457,10^9 m3/year,I,false
795,Water use,Water withdrawal by sector,Agricultural water withdrawal,Turkmenistan,2017,27.210754525,10^9 m3/year,I,false
795,Water use,Water withdrawal by sector,Agricultural water withdrawal,Turkmenistan,2018,25.347241897,10^9 m3/year,I,false
795,Water use,Water withdrawal by sector,Agricultural water withdrawal,Turkmenistan,2020,16.1196,10^9 m3/year,A,false
795,Water use,Water withdrawal by sector,Agricultural water withdrawal,Turkmenistan,2021,16.1196,10^9 m3/year,I,false
795,Water use,Water withdrawal by sector,Agricultural water withdrawal,Turkmenistan,2022,16.1196,10^9 m3/year,I,false
860,Water use,Water withdrawal by sector,Agricultural water withdrawal,Uzbekistan,1998,54.604285714,10^9 m3/year,I,false
860,Water use,Water withdrawal by sector,Agricultural water withdrawal,Uzbekistan,1999,54.662857143,10^9 m3/year,I,false
860,Water use,Water withdrawal by sector,Agricultural water withdrawal,Uzbekistan,2000,54.721428571,10^9 m3/year,I,false
860,Water use,Water withdrawal by sector,Agricultural water withdrawal,Uzbekistan,2001,54.78,10^9 m3/year,A,false
860,Water use,Water withdrawal by sector,Agricultural water withdrawal,Uzbekistan,2002,53.685,10^9 m3/year,I,false
860,Water use,Water withdrawal by sector,Agricultural water withdrawal,Uzbekistan,2003,52.59,10^9 m3/year,I,false
860,Water use,Water withdrawal by sector,Agricultural water withdrawal,Uzbekistan,2004,51.495,10^9 m3/year,I,false
860,Water use,Water withdrawal by sector,Agricultural water withdrawal,Uzbekistan,2005,50.4,10^9 m3/year,A,false
860,Water use,Water withdrawal by sector,Agricultural water withdrawal,Uzbekistan,2006,50.068888889,10^9 m3/year,I,false
860,Water use,Water withdrawal by sector,Agricultural water withdrawal,Uzbekistan,2007,49.737777778,10^9 m3/year,I,false
860,Water use,Water withdrawal by sector,Agricultural water withdrawal,Uzbekistan,2008,49.406666667,10^9 m3/year,I,false
860,Water use,Water withdrawal by sector,Agricultural water withdrawal,Uzbekistan,2009,49.075555556,10^9 m3/year,I,false
860,Water use,Water withdrawal by sector,Agricultural water withdrawal,Uzbekistan,2010,48.744444444,10^9 m3/year,I,false
860,Water use,Water withdrawal by sector,Agricultural water withdrawal,Uzbekistan,2011,48.413333333,10^9 m3/year,I,false
860,Water use,Water withdrawal by sector,Agricultural water withdrawal,Uzbekistan,2012,48.082222222,10^9 m3/year,I,false
860,Water use,Water withdrawal by sector,Agricultural water withdrawal,Uzbekistan,2013,47.751111111,10^9 m3/year,I,false
860,Water use,Water withdrawal by sector,Agricultural water withdrawal,Uzbekistan,2014,47.42,10^9 m3/year,A,false
860,Water use,Water withdrawal by sector,Agricultural water withdrawal,Uzbekistan,2015,50.77,10^9 m3/year,A,false
860,Water use,Water withdrawal by sector,Agricultural water withdrawal,Uzbekistan,2016,50.01,10^9 m3/year,A,false
860,Water use,Water withdrawal by sector,Agricultural water withdrawal,Uzbekistan,2017,54.36,10^9 m3/year,A,false
860,Water use,Water withdrawal by sector,Agricultural water withdrawal,Uzbekistan,2018,52.0795,10^9 m3/year,I,false
860,Water use,Water withdrawal by sector,Agricultural water withdrawal,Uzbekistan,2020,47.2,10^9 m3/year,A,false
860,Water use,Water withdrawal by sector,Agricultural water withdrawal,Uzbekistan,2021,39.7,10^9 m3/year,A,false
860,Water use,Water withdrawal by sector,Agricultural water withdrawal,Uzbekistan,2022,41,10^9 m3/year,A,false
795,Water use,Water withdrawal by sector,Agricultural water withdrawal as % of total water withdrawal,Turkmenistan,1998,96.980386508,%,E,false
795,Water use,Water withdrawal by sector,Agricultural water withdrawal as % of total water withdrawal,Turkmenistan,1999,96.747767398,%,E,false
795,Water use,Water withdrawal by sector,Agricultural water withdrawal as % of total water withdrawal,Turkmenistan,2000,96.518663353,%,E,false
795,Water use,Water withdrawal by sector,Agricultural water withdrawal as % of total water withdrawal,Turkmenistan,2001,96.518663353,%,E,false
795,Water use,Water withdrawal by sector,Agricultural water withdrawal as % of total water withdrawal,Turkmenistan,2002,96.518663353,%,E,false
795,Water use,Water withdrawal by sector,Agricultural water withdrawal as % of total water withdrawal,Turkmenistan,2003,96.518663353,%,E,false
795,Water use,Water withdrawal by sector,Agricultural water withdrawal as % of total water withdrawal,Turkmenistan,2004,94.297774916,%,E,false
795,Water use,Water withdrawal by sector,Agricultural water withdrawal as % of total water withdrawal,Turkmenistan,2005,94.297774916,%,E,false
795,Water use,Water withdrawal by sector,Agricultural water withdrawal as % of total water withdrawal,Turkmenistan,2006,94.297774916,%,E,false
795,Water use,Water withdrawal by sector,Agricultural water withdrawal as % of total water withdrawal,Turkmenistan,2007,94.297774916,%,E,false
795,Water use,Water withdrawal by sector,Agricultural water withdrawal as % of total water withdrawal,Turkmenistan,2008,94.297774916,%,E,false
795,Water use,Water withdrawal by sector,Agricultural water withdrawal as % of total water withdrawal,Turkmenistan,2009,94.297774916,%,E,false
795,Water use,Water withdrawal by sector,Agricultural water withdrawal as % of total water withdrawal,Turkmenistan,2010,94.297774916,%,E,false
795,Water use,Water withdrawal by sector,Agricultural water withdrawal as % of total water withdrawal,Turkmenistan,2011,94.297774916,%,E,false
795,Water use,Water withdrawal by sector,Agricultural water withdrawal as % of total water withdrawal,Turkmenistan,2012,94.297774916,%,E,false
795,Water use,Water withdrawal by sector,Agricultural water withdrawal as % of total water withdrawal,Turkmenistan,2013,94.297774916,%,E,false
795,Water use,Water withdrawal by sector,Agricultural water withdrawal as % of total water withdrawal,Turkmenistan,2014,94.297774916,%,E,false
795,Water use,Water withdrawal by sector,Agricultural water withdrawal as % of total water withdrawal,Turkmenistan,2015,94.297774916,%,E,false
795,Water use,Water withdrawal by sector,Agricultural water withdrawal as % of total water withdrawal,Turkmenistan,2016,94.297774916,%,E,false
795,Water use,Water withdrawal by sector,Agricultural water withdrawal as % of total water withdrawal,Turkmenistan,2017,94.297774916,%,E,false
795,Water use,Water withdrawal by sector,Agricultural water withdrawal as % of total water withdrawal,Turkmenistan,2018,94.297774916,%,E,false
795,Water use,Water withdrawal by sector,Agricultural water withdrawal as % of total water withdrawal,Turkmenistan,2020,61.420401072,%,E,false
795,Water use,Water withdrawal by sector,Agricultural water withdrawal as % of total water withdrawal,Turkmenistan,2021,92.748704485,%,E,false
795,Water use,Water withdrawal by sector,Agricultural water withdrawal as % of total water withdrawal,Turkmenistan,2022,92.748704485,%,E,false
860,Water use,Water withdrawal by sector,Agricultural water withdrawal as % of total water withdrawal,Uzbekistan,1998,91.775213993,%,E,false
860,Water use,Water withdrawal by sector,Agricultural water withdrawal as % of total water withdrawal,Uzbekistan,1999,91.320016229,%,E,false
860,Water use,Water withdrawal by sector,Agricultural water withdrawal as % of total water withdrawal,Uzbekistan,2000,90.870271745,%,E,false
860,Water use,Water withdrawal by sector,Agricultural water withdrawal as % of total water withdrawal,Uzbekistan,2001,90.42588313,%,E,false
860,Water use,Water withdrawal by sector,Agricultural water withdrawal as % of total water withdrawal,Uzbekistan,2002,90.325565744,%,E,false
860,Water use,Water withdrawal by sector,Agricultural water withdrawal as % of total water withdrawal,Uzbekistan,2003,90.221307257,%,E,false
860,Water use,Water withdrawal by sector,Agricultural water withdrawal as % of total water withdrawal,Uzbekistan,2004,90.112870767,%,E,false
860,Water use,Water withdrawal by sector,Agricultural water withdrawal as % of total water withdrawal,Uzbekistan,2005,90,%,E,false
860,Water use,Water withdrawal by sector,Agricultural water withdrawal as % of total water withdrawal,Uzbekistan,2006,90.160965996,%,E,false
860,Water use,Water withdrawal by sector,Agricultural water withdrawal as % of total water withdrawal,Uzbekistan,2007,90.324663532,%,E,false
860,Water use,Water withdrawal by sector,Agricultural water withdrawal as % of total water withdrawal,Uzbekistan,2008,90.491162734,%,E,false
860,Water use,Water withdrawal by sector,Agricultural water withdrawal as % of total water withdrawal,Uzbekistan,2009,90.660536147,%,E,false
860,Water use,Water withdrawal by sector,Agricultural water withdrawal as % of total water withdrawal,Uzbekistan,2010,90.832858844,%,E,false
860,Water use,Water withdrawal by sector,Agricultural water withdrawal as % of total water withdrawal,Uzbekistan,2011,91.008208534,%,E,false
860,Water use,Water withdrawal by sector,Agricultural water withdrawal as % of total water withdrawal,Uzbekistan,2012,91.186665683,%,E,false
860,Water use,Water withdrawal by sector,Agricultural water withdrawal as % of total water withdrawal,Uzbekistan,2013,91.368313632,%,E,false
860,Water use,Water withdrawal by sector,Agricultural water withdrawal as % of total water withdrawal,Uzbekistan,2014,91.55323873,%,E,false
860,Water use,Water withdrawal by sector,Agricultural water withdrawal as % of total water withdrawal,Uzbekistan,2015,92.081398723,%,E,false
860,Water use,Water withdrawal by sector,Agricultural water withdrawal as % of total water withdrawal,Uzbekistan,2016,91.660557185,%,E,false
860,Water use,Water withdrawal by sector,Agricultural water withdrawal as % of total water withdrawal,Uzbekistan,2017,92.292020373,%,E,false
860,Water use,Water withdrawal by sector,Agricultural water withdrawal as % of total water withdrawal,Uzbekistan,2018,92.2766979,%,I,false
860,Water use,Water withdrawal by sector,Agricultural water withdrawal as % of total water withdrawal,Uzbekistan,2020,92.007797271,%,E,false
860,Water use,Water withdrawal by sector,Agricultural water withdrawal as % of total water withdrawal,Uzbekistan,2021,90.846681922,%,E,false
860,Water use,Water withdrawal by sector,Agricultural water withdrawal as % of total water withdrawal,Uzbekistan,2022,92.134831461,%,E,false
795,Water use,Water withdrawal by sector,Agricultural water withdrawal per capita,Turkmenistan,1998,5393.937703761,m3/inhab/year,E,false
795,Water use,Water withdrawal by sector,Agricultural water withdrawal per capita,Turkmenistan,1999,5323.707695835,m3/inhab/year,E,false
795,Water use,Water withdrawal by sector,Agricultural water withdrawal per capita,Turkmenistan,2000,5245.842113682,m3/inhab/year,E,false
795,Water use,Water withdrawal by sector,Agricultural water withdrawal per capita,Turkmenistan,2001,5263.106572869,m3/inhab/year,E,false
795,Water use,Water withdrawal by sector,Agricultural water withdrawal per capita,Turkmenistan,2002,5278.23386428,m3/inhab/year,E,false
795,Water use,Water withdrawal by sector,Agricultural water withdrawal per capita,Turkmenistan,2003,5292.401725017,m3/inhab/year,E,false
795,Water use,Water withdrawal by sector,Agricultural water withdrawal per capita,Turkmenistan,2004,5316.56021781,m3/inhab/year,E,false
795,Water use,Water withdrawal by sector,Agricultural water withdrawal per capita,Turkmenistan,2005,5220.016279482,m3/inhab/year,E,false
795,Water use,Water withdrawal by sector,Agricultural water withdrawal per capita,Turkmenistan,2006,5126.323938652,m3/inhab/year,E,false
795,Water use,Water withdrawal by sector,Agricultural water withdrawal per capita,Turkmenistan,2007,5034.012166252,m3/inhab/year,E,false
795,Water use,Water withdrawal by sector,Agricultural water withdrawal per capita,Turkmenistan,2008,4941.311853034,m3/inhab/year,E,false
795,Water use,Water withdrawal by sector,Agricultural water withdrawal per capita,Turkmenistan,2009,4847.083006329,m3/inhab/year,E,false
795,Water use,Water withdrawal by sector,Agricultural water withdrawal per capita,Turkmenistan,2010,4751.166663091,m3/inhab/year,E,false
795,Water use,Water withdrawal by sector,Agricultural water withdrawal per capita,Turkmenistan,2011,4653.898617134,m3/inhab/year,E,false
795,Water use,Water withdrawal by sector,Agricultural water withdrawal per capita,Turkmenistan,2012,4555.857921247,m3/inhab/year,E,false
795,Water use,Water withdrawal by sector,Agricultural water withdrawal per capita,Turkmenistan,2013,4457.695574838,m3/inhab/year,E,false
795,Water use,Water withdrawal by sector,Agricultural water withdrawal per capita,Turkmenistan,2014,4360.066499171,m3/inhab/year,E,false
795,Water use,Water withdrawal by sector,Agricultural water withdrawal per capita,Turkmenistan,2015,4263.591102858,m3/inhab/year,E,false
795,Water use,Water withdrawal by sector,Agricultural water withdrawal per capita,Turkmenistan,2016,4168.898511431,m3/inhab/year,E,false
795,Water use,Water withdrawal by sector,Agricultural water withdrawal per capita,Turkmenistan,2017,4181.727284452,m3/inhab/year,E,false
795,Water use,Water withdrawal by sector,Agricultural water withdrawal per capita,Turkmenistan,2018,3808.451730833,m3/inhab/year,E,false
795,Water use,Water withdrawal by sector,Agricultural water withdrawal per capita,Turkmenistan,2020,2319.39627437,m3/inhab/year,E,false
795,Water use,Water withdrawal by sector,Agricultural water withdrawal per capita,Turkmenistan,2021,2272.913460903,m3/inhab/year,E,false
795,Water use,Water withdrawal by sector,Agricultural water withdrawal per capita,Turkmenistan,2022,2229.484053884,m3/inhab/year,E,false
860,Water use,Water withdrawal by sector,Agricultural water withdrawal per capita,Uzbekistan,1998,2262.458933038,m3/inhab/year,E,false
860,Water use,Water withdrawal by sector,Agricultural water withdrawal per capita,Uzbekistan,1999,2233.324042992,m3/inhab/year,E,false
860,Water use,Water withdrawal by sector,Agricultural water withdrawal per capita,Uzbekistan,2000,2207.661651579,m3/inhab/year,E,false
860,Water use,Water withdrawal by sector,Agricultural water withdrawal per capita,Uzbekistan,2001,2183.315349612,m3/inhab/year,E,false
860,Water use,Water withdrawal by sector,Agricultural water withdrawal per capita,Uzbekistan,2002,2113.584341405,m3/inhab/year,E,false
860,Water use,Water withdrawal by sector,Agricultural water withdrawal per capita,Uzbekistan,2003,2045.407422484,m3/inhab/year,E,false
860,Water use,Water withdrawal by sector,Agricultural water withdrawal per capita,Uzbekistan,2004,1978.343677426,m3/inhab/year,E,false
860,Water use,Water withdrawal by sector,Agricultural water withdrawal per capita,Uzbekistan,2005,1912.207372516,m3/inhab/year,E,false
860,Water use,Water withdrawal by sector,Agricultural water withdrawal per capita,Uzbekistan,2006,1875.306430031,m3/inhab/year,E,false
860,Water use,Water withdrawal by sector,Agricultural water withdrawal per capita,Uzbekistan,2007,1836.968646847,m3/inhab/year,E,false
860,Water use,Water withdrawal by sector,Agricultural water withdrawal per capita,Uzbekistan,2008,1796.947545983,m3/inhab/year,E,false
860,Water use,Water withdrawal by sector,Agricultural water withdrawal per capita,Uzbekistan,2009,1756.504507036,m3/inhab/year,E,false
860,Water use,Water withdrawal by sector,Agricultural water withdrawal per capita,Uzbekistan,2010,1717.230069615,m3/inhab/year,E,false
860,Water use,Water withdrawal by sector,Agricultural water withdrawal per capita,Uzbekistan,2011,1679.665687779,m3/inhab/year,E,false
860,Water use,Water withdrawal by sector,Agricultural water withdrawal per capita,Uzbekistan,2012,1643.167986109,m3/inhab/year,E,false
860,Water use,Water withdrawal by sector,Agricultural water withdrawal per capita,Uzbekistan,2013,1606.479837502,m3/inhab/year,E,false
860,Water use,Water withdrawal by sector,Agricultural water withdrawal per capita,Uzbekistan,2014,1569.00405036,m3/inhab/year,E,false
860,Water use,Water withdrawal by sector,Agricultural water withdrawal per capita,Uzbekistan,2015,1651.092026478,m3/inhab/year,E,false
860,Water use,Water withdrawal by sector,Agricultural water withdrawal per capita,Uzbekistan,2016,1598.551720452,m3/inhab/year,E,false
860,Water use,Water withdrawal by sector,Agricultural water withdrawal per capita,Uzbekistan,2017,1708.403655179,m3/inhab/year,E,false
860,Water use,Water withdrawal by sector,Agricultural water withdrawal per capita,Uzbekistan,2018,1608.708236276,m3/inhab/year,E,false
860,Water use,Water withdrawal by sector,Agricultural water withdrawal per capita,Uzbekistan,2020,1405.331900689,m3/inhab/year,E,false
860,Water use,Water withdrawal by sector,Agricultural water withdrawal per capita,Uzbekistan,2021,1159.337473385,m3/inhab/year,E,false
860,Water use,Water withdrawal by sector,Agricultural water withdrawal per capita,Uzbekistan,2022,1173.475279956,m3/inhab/year,E,false
795,Water use,Water withdrawal by sector,Environmental Flow Requirements,Turkmenistan,1998,5.355,10^9 m3/year,X,false
795,Water use,Water withdrawal by sector,Environmental Flow Requirements,Turkmenistan,1999,5.355,10^9 m3/year,X,false
795,Water use,Water withdrawal by sector,Environmental Flow Requirements,Turkmenistan,2000,5.355,10^9 m3/year,X,false
795,Water use,Water withdrawal by sector,Environmental Flow Requirements,Turkmenistan,2001,5.355,10^9 m3/year,X,false
795,Water use,Water withdrawal by sector,Environmental Flow Requirements,Turkmenistan,2002,5.355,10^9 m3/year,X,false
795,Water use,Water withdrawal by sector,Environmental Flow Requirements,Turkmenistan,2003,5.355,10^9 m3/year,X,false
795,Water use,Water withdrawal by sector,Environmental Flow Requirements,Turkmenistan,2004,5.355,10^9 m3/year,X,false
795,Water use,Water withdrawal by sector,Environmental Flow Requirements,Turkmenistan,2005,5.355,10^9 m3/year,X,false
795,Water use,Water withdrawal by sector,Environmental Flow Requirements,Turkmenistan,2006,5.355,10^9 m3/year,X,false
795,Water use,Water withdrawal by sector,Environmental Flow Requirements,Turkmenistan,2007,5.355,10^9 m3/year,X,false
795,Water use,Water withdrawal by sector,Environmental Flow Requirements,Turkmenistan,2008,5.355,10^9 m3/year,X,false
795,Water use,Water withdrawal by sector,Environmental Flow Requirements,Turkmenistan,2009,5.355,10^9 m3/year,X,false
795,Water use,Water withdrawal by sector,Environmental Flow Requirements,Turkmenistan,2010,5.355,10^9 m3/year,X,false
795,Water use,Water withdrawal by sector,Environmental Flow Requirements,Turkmenistan,2011,5.355,10^9 m3/year,X,false
795,Water use,Water withdrawal by sector,Environmental Flow Requirements,Turkmenistan,2012,5.355,10^9 m3/year,X,false
795,Water use,Water withdrawal by sector,Environmental Flow Requirements,Turkmenistan,2013,5.355,10^9 m3/year,X,false
795,Water use,Water withdrawal by sector,Environmental Flow Requirements,Turkmenistan,2014,5.355,10^9 m3/year,X,false
795,Water use,Water withdrawal by sector,Environmental Flow Requirements,Turkmenistan,2015,5.355,10^9 m3/year,X,false
795,Water use,Water withdrawal by sector,Environmental Flow Requirements,Turkmenistan,2016,5.355,10^9 m3/year,X,false
795,Water use,Water withdrawal by sector,Environmental Flow Requirements,Turkmenistan,2017,5.355,10^9 m3/year,X,false
795,Water use,Water withdrawal by sector,Environmental Flow Requirements,Turkmenistan,2018,5.355,10^9 m3/year,X,false
795,Water use,Water withdrawal by sector,Environmental Flow Requirements,Turkmenistan,2020,5.355,10^9 m3/year,I,false
795,Water use,Water withdrawal by sector,Environmental Flow Requirements,Turkmenistan,2021,5.355,10^9 m3/year,I,false
795,Water use,Water withdrawal by sector,Environmental Flow Requirements,Turkmenistan,2022,5.355,10^9 m3/year,I,false
860,Water use,Water withdrawal by sector,Environmental Flow Requirements,Uzbekistan,1998,14,10^9 m3/year,X,false
860,Water use,Water withdrawal by sector,Environmental Flow Requirements,Uzbekistan,1999,14,10^9 m3/year,X,false
860,Water use,Water withdrawal by sector,Environmental Flow Requirements,Uzbekistan,2000,14,10^9 m3/year,X,false
860,Water use,Water withdrawal by sector,Environmental Flow Requirements,Uzbekistan,2001,14,10^9 m3/year,X,false
860,Water use,Water withdrawal by sector,Environmental Flow Requirements,Uzbekistan,2002,14,10^9 m3/year,X,false
860,Water use,Water withdrawal by sector,Environmental Flow Requirements,Uzbekistan,2003,14,10^9 m3/year,X,false
860,Water use,Water withdrawal by sector,Environmental Flow Requirements,Uzbekistan,2004,14,10^9 m3/year,X,false
860,Water use,Water withdrawal by sector,Environmental Flow Requirements,Uzbekistan,2005,14,10^9 m3/year,X,false
860,Water use,Water withdrawal by sector,Environmental Flow Requirements,Uzbekistan,2006,14,10^9 m3/year,X,false
860,Water use,Water withdrawal by sector,Environmental Flow Requirements,Uzbekistan,2007,14,10^9 m3/year,X,false
860,Water use,Water withdrawal by sector,Environmental Flow Requirements,Uzbekistan,2008,14,10^9 m3/year,X,false
860,Water use,Water withdrawal by sector,Environmental Flow Requirements,Uzbekistan,2009,14,10^9 m3/year,X,false
860,Water use,Water withdrawal by sector,Environmental Flow Requirements,Uzbekistan,2010,14,10^9 m3/year,X,false
860,Water use,Water withdrawal by sector,Environmental Flow Requirements,Uzbekistan,2011,14,10^9 m3/year,X,false
860,Water use,Water withdrawal by sector,Environmental Flow Requirements,Uzbekistan,2012,14,10^9 m3/year,X,false
860,Water use,Water withdrawal by sector,Environmental Flow Requirements,Uzbekistan,2013,14,10^9 m3/year,X,false
860,Water use,Water withdrawal by sector,Environmental Flow Requirements,Uzbekistan,2014,14,10^9 m3/year,X,false
860,Water use,Water withdrawal by sector,Environmental Flow Requirements,Uzbekistan,2015,14,10^9 m3/year,X,false
860,Water use,Water withdrawal by sector,Environmental Flow Requirements,Uzbekistan,2016,14,10^9 m3/year,X,false
860,Water use,Water withdrawal by sector,Environmental Flow Requirements,Uzbekistan,2017,14,10^9 m3/year,X,false
860,Water use,Water withdrawal by sector,Environmental Flow Requirements,Uzbekistan,2018,14,10^9 m3/year,X,false
860,Water use,Water withdrawal by sector,Environmental Flow Requirements,Uzbekistan,2020,14,10^9 m3/year,I,false
860,Water use,Water withdrawal by sector,Environmental Flow Requirements,Uzbekistan,2021,14,10^9 m3/year,I,false
860,Water use,Water withdrawal by sector,Environmental Flow Requirements,Uzbekistan,2022,14,10^9 m3/year,I,false
795,Water use,Water withdrawal by sector,Industrial water withdrawal,Turkmenistan,1998,0.2264,10^9 m3/year,I,false
795,Water use,Water withdrawal by sector,Industrial water withdrawal,Turkmenistan,1999,0.24825,10^9 m3/year,I,false
795,Water use,Water withdrawal by sector,Industrial water withdrawal,Turkmenistan,2000,0.2701,10^9 m3/year,E,false
795,Water use,Water withdrawal by sector,Industrial water withdrawal,Turkmenistan,2001,0.276472471,10^9 m3/year,I,false
795,Water use,Water withdrawal by sector,Industrial water withdrawal,Turkmenistan,2002,0.282844941,10^9 m3/year,I,false
795,Water use,Water withdrawal by sector,Industrial water withdrawal,Turkmenistan,2003,0.289217412,10^9 m3/year,I,false
795,Water use,Water withdrawal by sector,Industrial water withdrawal,Turkmenistan,2004,0.839,10^9 m3/year,A,false
795,Water use,Water withdrawal by sector,Industrial water withdrawal,Turkmenistan,2005,0.839409435,10^9 m3/year,I,false
795,Water use,Water withdrawal by sector,Industrial water withdrawal,Turkmenistan,2006,0.839818871,10^9 m3/year,I,false
795,Water use,Water withdrawal by sector,Industrial water withdrawal,Turkmenistan,2007,0.840228306,10^9 m3/year,I,false
795,Water use,Water withdrawal by sector,Industrial water withdrawal,Turkmenistan,2008,0.840637742,10^9 m3/year,I,false
795,Water use,Water withdrawal by sector,Industrial water withdrawal,Turkmenistan,2009,0.841047177,10^9 m3/year,I,false
795,Water use,Water withdrawal by sector,Industrial water withdrawal,Turkmenistan,2010,0.841456613,10^9 m3/year,I,false
795,Water use,Water withdrawal by sector,Industrial water withdrawal,Turkmenistan,2011,0.841866048,10^9 m3/year,I,false
795,Water use,Water withdrawal by sector,Industrial water withdrawal,Turkmenistan,2012,0.842275484,10^9 m3/year,I,false
795,Water use,Water withdrawal by sector,Industrial water withdrawal,Turkmenistan,2013,0.842684919,10^9 m3/year,I,false
795,Water use,Water withdrawal by sector,Industrial water withdrawal,Turkmenistan,2014,0.843094354,10^9 m3/year,I,false
795,Water use,Water withdrawal by sector,Industrial water withdrawal,Turkmenistan,2015,0.84350379,10^9 m3/year,I,false
795,Water use,Water withdrawal by sector,Industrial water withdrawal,Turkmenistan,2016,0.843913225,10^9 m3/year,I,false
795,Water use,Water withdrawal by sector,Industrial water withdrawal,Turkmenistan,2017,0.866078264,10^9 m3/year,I,false
795,Water use,Water withdrawal by sector,Industrial water withdrawal,Turkmenistan,2018,0.8067654,10^9 m3/year,I,false
795,Water use,Water withdrawal by sector,Industrial water withdrawal,Turkmenistan,2020,0.8067654,10^9 m3/year,I,false
795,Water use,Water withdrawal by sector,Industrial water withdrawal,Turkmenistan,2021,0.8067654,10^9 m3/year,I,false
795,Water use,Water withdrawal by sector,Industrial water withdrawal,Turkmenistan,2022,0.8067654,10^9 m3/year,I,false
860,Water use,Water withdrawal by sector,Industrial water withdrawal,Uzbekistan,1998,1.815571429,10^9 m3/year,I,false
860,Water use,Water withdrawal by sector,Industrial water withdrawal,Uzbekistan,1999,1.993714286,10^9 m3/year,I,false
860,Water use,Water withdrawal by sector,Industrial water withdrawal,Uzbekistan,2000,2.171857143,10^9 m3/year,I,false
860,Water use,Water withdrawal by sector,Industrial water withdrawal,Uzbekistan,2001,2.35,10^9 m3/year,A,false
860,Water use,Water withdrawal by sector,Industrial water withdrawal,Uzbekistan,2002,2.1375,10^9 m3/year,I,false
860,Water use,Water withdrawal by sector,Industrial water withdrawal,Uzbekistan,2003,1.925,10^9 m3/year,I,false
860,Water use,Water withdrawal by sector,Industrial water withdrawal,Uzbekistan,2004,1.7125,10^9 m3/year,I,false
860,Water use,Water withdrawal by sector,Industrial water withdrawal,Uzbekistan,2005,1.5,10^9 m3/year,A,false
860,Water use,Water withdrawal by sector,Industrial water withdrawal,Uzbekistan,2006,1.56,10^9 m3/year,I,false
860,Water use,Water withdrawal by sector,Industrial water withdrawal,Uzbekistan,2007,1.62,10^9 m3/year,I,false
860,Water use,Water withdrawal by sector,Industrial water withdrawal,Uzbekistan,2008,1.68,10^9 m3/year,I,false
860,Water use,Water withdrawal by sector,Industrial water withdrawal,Uzbekistan,2009,1.74,10^9 m3/year,I,false
860,Water use,Water withdrawal by sector,Industrial water withdrawal,Uzbekistan,2010,1.8,10^9 m3/year,I,false
860,Water use,Water withdrawal by sector,Industrial water withdrawal,Uzbekistan,2011,1.86,10^9 m3/year,I,false
860,Water use,Water withdrawal by sector,Industrial water withdrawal,Uzbekistan,2012,1.92,10^9 m3/year,I,false
860,Water use,Water withdrawal by sector,Industrial water withdrawal,Uzbekistan,2013,1.98,10^9 m3/year,I,false
860,Water use,Water withdrawal by sector,Industrial water withdrawal,Uzbekistan,2014,2.04,10^9 m3/year,A,false
860,Water use,Water withdrawal by sector,Industrial water withdrawal,Uzbekistan,2015,1.959,10^9 m3/year,A,false
860,Water use,Water withdrawal by sector,Industrial water withdrawal,Uzbekistan,2016,2.114,10^9 m3/year,A,false
860,Water use,Water withdrawal by sector,Industrial water withdrawal,Uzbekistan,2017,2.13,10^9 m3/year,A,false
860,Water use,Water withdrawal by sector,Industrial water withdrawal,Uzbekistan,2018,1.985,10^9 m3/year,I,false
860,Water use,Water withdrawal by sector,Industrial water withdrawal,Uzbekistan,2020,1.8,10^9 m3/year,A,false
860,Water use,Water withdrawal by sector,Industrial water withdrawal,Uzbekistan,2021,1.8,10^9 m3/year,A,false
860,Water use,Water withdrawal by sector,Industrial water withdrawal,Uzbekistan,2022,1.2,10^9 m3/year,A,false
795,Water use,Water withdrawal by sector,Industrial water withdrawal as % of total water withdrawal,Turkmenistan,1998,0.922923897,%,E,false
795,Water use,Water withdrawal by sector,Industrial water withdrawal as % of total water withdrawal,Turkmenistan,1999,1.004291585,%,E,false
795,Water use,Water withdrawal by sector,Industrial water withdrawal as % of total water withdrawal,Turkmenistan,2000,1.084429741,%,E,false
795,Water use,Water withdrawal by sector,Industrial water withdrawal as % of total water withdrawal,Turkmenistan,2001,1.084429741,%,E,false
795,Water use,Water withdrawal by sector,Industrial water withdrawal as % of total water withdrawal,Turkmenistan,2002,1.084429741,%,E,false
795,Water use,Water withdrawal by sector,Industrial water withdrawal as % of total water withdrawal,Turkmenistan,2003,1.084429741,%,E,false
795,Water use,Water withdrawal by sector,Industrial water withdrawal as % of total water withdrawal,Turkmenistan,2004,3.001359376,%,E,false
795,Water use,Water withdrawal by sector,Industrial water withdrawal as % of total water withdrawal,Turkmenistan,2005,3.001359376,%,I,false
795,Water use,Water withdrawal by sector,Industrial water withdrawal as % of total water withdrawal,Turkmenistan,2006,3.001359376,%,I,false
795,Water use,Water withdrawal by sector,Industrial water withdrawal as % of total water withdrawal,Turkmenistan,2007,3.001359376,%,I,false
795,Water use,Water withdrawal by sector,Industrial water withdrawal as % of total water withdrawal,Turkmenistan,2008,3.001359376,%,I,false
795,Water use,Water withdrawal by sector,Industrial water withdrawal as % of total water withdrawal,Turkmenistan,2009,3.001359376,%,I,false
795,Water use,Water withdrawal by sector,Industrial water withdrawal as % of total water withdrawal,Turkmenistan,2010,3.001359376,%,I,false
795,Water use,Water withdrawal by sector,Industrial water withdrawal as % of total water withdrawal,Turkmenistan,2011,3.001359376,%,I,false
795,Water use,Water withdrawal by sector,Industrial water withdrawal as % of total water withdrawal,Turkmenistan,2012,3.001359376,%,I,false
795,Water use,Water withdrawal by sector,Industrial water withdrawal as % of total water withdrawal,Turkmenistan,2013,3.001359376,%,I,false
795,Water use,Water withdrawal by sector,Industrial water withdrawal as % of total water withdrawal,Turkmenistan,2014,3.001359376,%,I,false
795,Water use,Water withdrawal by sector,Industrial water withdrawal as % of total water withdrawal,Turkmenistan,2015,3.001359376,%,I,false
795,Water use,Water withdrawal by sector,Industrial water withdrawal as % of total water withdrawal,Turkmenistan,2016,3.001359376,%,I,false
795,Water use,Water withdrawal by sector,Industrial water withdrawal as % of total water withdrawal,Turkmenistan,2017,3.001359376,%,I,false
795,Water use,Water withdrawal by sector,Industrial water withdrawal as % of total water withdrawal,Turkmenistan,2018,3.001359376,%,I,false
795,Water use,Water withdrawal by sector,Industrial water withdrawal as % of total water withdrawal,Turkmenistan,2020,3.074012659,%,E,false
795,Water use,Water withdrawal by sector,Industrial water withdrawal as % of total water withdrawal,Turkmenistan,2021,4.641954248,%,E,false
795,Water use,Water withdrawal by sector,Industrial water withdrawal as % of total water withdrawal,Turkmenistan,2022,4.641954248,%,E,false
860,Water use,Water withdrawal by sector,Industrial water withdrawal as % of total water withdrawal,Uzbekistan,1998,3.05149045,%,E,false
860,Water use,Water withdrawal by sector,Industrial water withdrawal as % of total water withdrawal,Uzbekistan,1999,3.330708098,%,E,false
860,Water use,Water withdrawal by sector,Industrial water withdrawal as % of total water withdrawal,Uzbekistan,2000,3.606580711,%,E,false
860,Water use,Water withdrawal by sector,Industrial water withdrawal as % of total water withdrawal,Uzbekistan,2001,3.879168042,%,E,false
860,Water use,Water withdrawal by sector,Industrial water withdrawal as % of total water withdrawal,Uzbekistan,2002,3.596365778,%,E,false
860,Water use,Water withdrawal by sector,Industrial water withdrawal as % of total water withdrawal,Uzbekistan,2003,3.302453251,%,E,false
860,Water use,Water withdrawal by sector,Industrial water withdrawal as % of total water withdrawal,Uzbekistan,2004,2.996762621,%,E,false
860,Water use,Water withdrawal by sector,Industrial water withdrawal as % of total water withdrawal,Uzbekistan,2005,2.678571429,%,E,false
860,Water use,Water withdrawal by sector,Industrial water withdrawal as % of total water withdrawal,Uzbekistan,2006,2.809151752,%,E,false
860,Water use,Water withdrawal by sector,Industrial water withdrawal as % of total water withdrawal,Uzbekistan,2007,2.941947981,%,E,false
860,Water use,Water withdrawal by sector,Industrial water withdrawal as % of total water withdrawal,Uzbekistan,2008,3.077017003,%,E,false
860,Water use,Water withdrawal by sector,Industrial water withdrawal as % of total water withdrawal,Uzbekistan,2009,3.214417669,%,E,false
860,Water use,Water withdrawal by sector,Industrial water withdrawal as % of total water withdrawal,Uzbekistan,2010,3.354210881,%,E,false
860,Water use,Water withdrawal by sector,Industrial water withdrawal as % of total water withdrawal,Uzbekistan,2011,3.496459678,%,E,false
860,Water use,Water withdrawal by sector,Industrial water withdrawal as % of total water withdrawal,Uzbekistan,2012,3.641229336,%,E,false
860,Water use,Water withdrawal by sector,Industrial water withdrawal as % of total water withdrawal,Uzbekistan,2013,3.788587465,%,E,false
860,Water use,Water withdrawal by sector,Industrial water withdrawal as % of total water withdrawal,Uzbekistan,2014,3.938604112,%,E,false
860,Water use,Water withdrawal by sector,Industrial water withdrawal as % of total water withdrawal,Uzbekistan,2015,3.553032502,%,E,false
860,Water use,Water withdrawal by sector,Industrial water withdrawal as % of total water withdrawal,Uzbekistan,2016,3.874633431,%,E,false
860,Water use,Water withdrawal by sector,Industrial water withdrawal as % of total water withdrawal,Uzbekistan,2017,3.616298812,%,E,false
860,Water use,Water withdrawal by sector,Industrial water withdrawal as % of total water withdrawal,Uzbekistan,2018,3.517133846,%,E,false
860,Water use,Water withdrawal by sector,Industrial water withdrawal as % of total water withdrawal,Uzbekistan,2020,3.50877193,%,E,false
860,Water use,Water withdrawal by sector,Industrial water withdrawal as % of total water withdrawal,Uzbekistan,2021,4.118993135,%,E,false
860,Water use,Water withdrawal by sector,Industrial water withdrawal as % of total water withdrawal,Uzbekistan,2022,2.696629214,%,E,false
795,Water use,Water withdrawal by sector,Industrial water withdrawal per capita,Turkmenistan,1998,51.33196705,m3/inhab/year,E,false
795,Water use,Water withdrawal by sector,Industrial water withdrawal per capita,Turkmenistan,1999,55.26282398,m3/inhab/year,E,false
795,Water use,Water withdrawal by sector,Industrial water withdrawal per capita,Turkmenistan,2000,58.939349206,m3/inhab/year,E,false
795,Water use,Water withdrawal by sector,Industrial water withdrawal per capita,Turkmenistan,2001,59.133323017,m3/inhab/year,E,false
795,Water use,Water withdrawal by sector,Industrial water withdrawal per capita,Turkmenistan,2002,59.303284806,m3/inhab/year,E,false
795,Water use,Water withdrawal by sector,Industrial water withdrawal per capita,Turkmenistan,2003,59.462466969,m3/inhab/year,E,false
795,Water use,Water withdrawal by sector,Industrial water withdrawal per capita,Turkmenistan,2004,169.218286143,m3/inhab/year,E,false
795,Water use,Water withdrawal by sector,Industrial water withdrawal per capita,Turkmenistan,2005,166.145434692,m3/inhab/year,E,false
795,Water use,Water withdrawal by sector,Industrial water withdrawal per capita,Turkmenistan,2006,163.163345392,m3/inhab/year,E,false
795,Water use,Water withdrawal by sector,Industrial water withdrawal per capita,Turkmenistan,2007,160.225197553,m3/inhab/year,E,false
795,Water use,Water withdrawal by sector,Industrial water withdrawal per capita,Turkmenistan,2008,157.274683031,m3/inhab/year,E,false
795,Water use,Water withdrawal by sector,Industrial water withdrawal per capita,Turkmenistan,2009,154.275517538,m3/inhab/year,E,false
795,Water use,Water withdrawal by sector,Industrial water withdrawal per capita,Turkmenistan,2010,151.222641515,m3/inhab/year,E,false
795,Water use,Water withdrawal by sector,Industrial water withdrawal per capita,Turkmenistan,2011,148.126742784,m3/inhab/year,E,false
795,Water use,Water withdrawal by sector,Industrial water withdrawal per capita,Turkmenistan,2012,145.006251742,m3/inhab/year,E,false
795,Water use,Water withdrawal by sector,Industrial water withdrawal per capita,Turkmenistan,2013,141.881888744,m3/inhab/year,E,false
795,Water use,Water withdrawal by sector,Industrial water withdrawal per capita,Turkmenistan,2014,138.774498968,m3/inhab/year,E,false
795,Water use,Water withdrawal by sector,Industrial water withdrawal per capita,Turkmenistan,2015,135.703829108,m3/inhab/year,E,false
795,Water use,Water withdrawal by sector,Industrial water withdrawal per capita,Turkmenistan,2016,132.689903304,m3/inhab/year,E,false
795,Water use,Water withdrawal by sector,Industrial water withdrawal per capita,Turkmenistan,2017,133.098224266,m3/inhab/year,E,false
795,Water use,Water withdrawal by sector,Industrial water withdrawal per capita,Turkmenistan,2018,121.217412829,m3/inhab/year,E,false
795,Water use,Water withdrawal by sector,Industrial water withdrawal per capita,Turkmenistan,2020,116.082822387,m3/inhab/year,E,false
795,Water use,Water withdrawal by sector,Industrial water withdrawal per capita,Turkmenistan,2021,113.756416917,m3/inhab/year,E,false
795,Water use,Water withdrawal by sector,Industrial water withdrawal per capita,Turkmenistan,2022,111.582830541,m3/inhab/year,E,false
860,Water use,Water withdrawal by sector,Industrial water withdrawal per capita,Uzbekistan,1998,75.225886456,m3/inhab/year,E,false
860,Water use,Water withdrawal by sector,Industrial water withdrawal per capita,Uzbekistan,1999,81.455860192,m3/inhab/year,E,false
860,Water use,Water withdrawal by sector,Industrial water withdrawal per capita,Uzbekistan,2000,87.620624172,m3/inhab/year,E,false
860,Water use,Water withdrawal by sector,Industrial water withdrawal per capita,Uzbekistan,2001,93.661757422,m3/inhab/year,E,false
860,Water use,Water withdrawal by sector,Industrial water withdrawal per capita,Uzbekistan,2002,84.15360957,m3/inhab/year,E,false
860,Water use,Water withdrawal by sector,Industrial water withdrawal per capita,Uzbekistan,2003,74.869923717,m3/inhab/year,E,false
860,Water use,Water withdrawal by sector,Industrial water withdrawal per capita,Uzbekistan,2004,65.791116566,m3/inhab/year,E,false
860,Water use,Water withdrawal by sector,Industrial water withdrawal per capita,Uzbekistan,2005,56.910933706,m3/inhab/year,E,false
860,Water use,Water withdrawal by sector,Industrial water withdrawal per capita,Uzbekistan,2006,58.429058359,m3/inhab/year,E,false
860,Water use,Water withdrawal by sector,Industrial water withdrawal per capita,Uzbekistan,2007,59.83156749,m3/inhab/year,E,false
860,Water use,Water withdrawal by sector,Industrial water withdrawal per capita,Uzbekistan,2008,61.102520792,m3/inhab/year,E,false
860,Water use,Water withdrawal by sector,Industrial water withdrawal per capita,Uzbekistan,2009,62.277804248,m3/inhab/year,E,false
860,Water use,Water withdrawal by sector,Industrial water withdrawal per capita,Uzbekistan,2010,63.412644467,m3/inhab/year,E,false
860,Water use,Water withdrawal by sector,Industrial water withdrawal per capita,Uzbekistan,2011,64.531358701,m3/inhab/year,E,false
860,Water use,Water withdrawal by sector,Industrial water withdrawal per capita,Uzbekistan,2012,65.614324537,m3/inhab/year,E,false
860,Water use,Water withdrawal by sector,Industrial water withdrawal per capita,Uzbekistan,2013,66.612692443,m3/inhab/year,E,false
860,Water use,Water withdrawal by sector,Industrial water withdrawal per capita,Uzbekistan,2014,67.498276312,m3/inhab/year,E,false
860,Water use,Water withdrawal by sector,Industrial water withdrawal per capita,Uzbekistan,2015,63.708672048,m3/inhab/year,E,false
860,Water use,Water withdrawal by sector,Industrial water withdrawal per capita,Uzbekistan,2016,67.57325209,m3/inhab/year,E,false
860,Water use,Water withdrawal by sector,Industrial water withdrawal per capita,Uzbekistan,2017,66.940761323,m3/inhab/year,E,false
860,Water use,Water withdrawal by sector,Industrial water withdrawal per capita,Uzbekistan,2018,61.315601129,m3/inhab/year,E,false
860,Water use,Water withdrawal by sector,Industrial water withdrawal per capita,Uzbekistan,2020,53.593165704,m3/inhab/year,E,false
860,Water use,Water withdrawal by sector,Industrial water withdrawal per capita,Uzbekistan,2021,52.564419448,m3/inhab/year,E,false
860,Water use,Water withdrawal by sector,Industrial water withdrawal per capita,Uzbekistan,2022,34.34561795,m3/inhab/year,E,false
795,Water use,Water withdrawal by sector,Irrigation water requirement,Turkmenistan,2006,13.56,10^9 m3/year,E,false
795,Water use,Water withdrawal by sector,Irrigation water requirement,Turkmenistan,2007,13.56,10^9 m3/year,I,false
795,Water use,Water withdrawal by sector,Irrigation water requirement,Turkmenistan,2008,13.56,10^9 m3/year,I,false
795,Water use,Water withdrawal by sector,Irrigation water requirement,Turkmenistan,2009,13.56,10^9 m3/year,I,false
795,Water use,Water withdrawal by sector,Irrigation water requirement,Turkmenistan,2010,13.56,10^9 m3/year,I,false
795,Water use,Water withdrawal by sector,Irrigation water requirement,Turkmenistan,2011,13.56,10^9 m3/year,I,false
795,Water use,Water withdrawal by sector,Irrigation water requirement,Turkmenistan,2012,13.56,10^9 m3/year,I,false
795,Water use,Water withdrawal by sector,Irrigation water requirement,Turkmenistan,2013,13.56,10^9 m3/year,I,false
795,Water use,Water withdrawal by sector,Irrigation water requirement,Turkmenistan,2014,13.56,10^9 m3/year,I,false
795,Water use,Water withdrawal by sector,Irrigation water requirement,Turkmenistan,2015,13.56,10^9 m3/year,I,false
795,Water use,Water withdrawal by sector,Irrigation water requirement,Turkmenistan,2016,13.56,10^9 m3/year,I,false
795,Water use,Water withdrawal by sector,Irrigation water requirement,Turkmenistan,2017,13.56,10^9 m3/year,I,false
795,Water use,Water withdrawal by sector,Irrigation water requirement,Turkmenistan,2018,13.56,10^9 m3/year,I,false
795,Water use,Water withdrawal by sector,Irrigation water requirement,Turkmenistan,2020,13.56,10^9 m3/year,I,false
795,Water use,Water withdrawal by sector,Irrigation water requirement,Turkmenistan,2021,13.56,10^9 m3/year,I,false
795,Water use,Water withdrawal by sector,Irrigation water requirement,Turkmenistan,2022,13.56,10^9 m3/year,I,false
860,Water use,Water withdrawal by sector,Irrigation water requirement,Uzbekistan,2005,22.52,10^9 m3/year,E,false
860,Water use,Water withdrawal by sector,Irrigation water requirement,Uzbekistan,2006,22.52,10^9 m3/year,I,false
860,Water use,Water withdrawal by sector,Irrigation water requirement,Uzbekistan,2007,22.52,10^9 m3/year,I,false
860,Water use,Water withdrawal by sector,Irrigation water requirement,Uzbekistan,2008,22.52,10^9 m3/year,I,false
860,Water use,Water withdrawal by sector,Irrigation water requirement,Uzbekistan,2009,22.52,10^9 m3/year,I,false
860,Water use,Water withdrawal by sector,Irrigation water requirement,Uzbekistan,2010,22.52,10^9 m3/year,I,false
860,Water use,Water withdrawal by sector,Irrigation water requirement,Uzbekistan,2011,22.52,10^9 m3/year,I,false
860,Water use,Water withdrawal by sector,Irrigation water requirement,Uzbekistan,2012,22.52,10^9 m3/year,I,false
860,Water use,Water withdrawal by sector,Irrigation water requirement,Uzbekistan,2013,22.52,10^9 m3/year,I,false
860,Water use,Water withdrawal by sector,Irrigation water requirement,Uzbekistan,2014,22.52,10^9 m3/year,I,false
860,Water use,Water withdrawal by sector,Irrigation water requirement,Uzbekistan,2015,22.52,10^9 m3/year,I,false
860,Water use,Water withdrawal by sector,Irrigation water requirement,Uzbekistan,2016,22.52,10^9 m3/year,I,false
860,Water use,Water withdrawal by sector,Irrigation water requirement,Uzbekistan,2017,22.52,10^9 m3/year,I,false
860,Water use,Water withdrawal by sector,Irrigation water requirement,Uzbekistan,2018,22.52,10^9 m3/year,I,false
860,Water use,Water withdrawal by sector,Irrigation water requirement,Uzbekistan,2020,22.52,10^9 m3/year,I,false
860,Water use,Water withdrawal by sector,Irrigation water requirement,Uzbekistan,2021,22.52,10^9 m3/year,I,false
860,Water use,Water withdrawal by sector,Irrigation water requirement,Uzbekistan,2022,22.52,10^9 m3/year,I,false
795,Water use,Water withdrawal by sector,Irrigation water withdrawal,Turkmenistan,2004,26.25,10^9 m3/year,A,false
795,Water use,Water withdrawal by sector,Irrigation water withdrawal,Turkmenistan,2005,26.25,10^9 m3/year,I,false
795,Water use,Water withdrawal by sector,Irrigation water withdrawal,Turkmenistan,2006,26.25,10^9 m3/year,I,false
795,Water use,Water withdrawal by sector,Irrigation water withdrawal,Turkmenistan,2007,26.25,10^9 m3/year,I,false
795,Water use,Water withdrawal by sector,Irrigation water withdrawal,Turkmenistan,2008,26.25,10^9 m3/year,I,false
795,Water use,Water withdrawal by sector,Irrigation water withdrawal,Turkmenistan,2009,26.25,10^9 m3/year,I,false
795,Water use,Water withdrawal by sector,Irrigation water withdrawal,Turkmenistan,2010,26.25,10^9 m3/year,I,false
795,Water use,Water withdrawal by sector,Irrigation water withdrawal,Turkmenistan,2011,26.25,10^9 m3/year,I,false
795,Water use,Water withdrawal by sector,Irrigation water withdrawal,Turkmenistan,2012,26.25,10^9 m3/year,I,false
795,Water use,Water withdrawal by sector,Irrigation water withdrawal,Turkmenistan,2013,26.25,10^9 m3/year,I,false
795,Water use,Water withdrawal by sector,Irrigation water withdrawal,Turkmenistan,2014,26.25,10^9 m3/year,I,false
795,Water use,Water withdrawal by sector,Irrigation water withdrawal,Turkmenistan,2015,26.25,10^9 m3/year,I,false
795,Water use,Water withdrawal by sector,Irrigation water withdrawal,Turkmenistan,2016,26.25,10^9 m3/year,I,false
795,Water use,Water withdrawal by sector,Irrigation water withdrawal,Turkmenistan,2017,26.25,10^9 m3/year,I,false
795,Water use,Water withdrawal by sector,Irrigation water withdrawal,Turkmenistan,2018,26.25,10^9 m3/year,I,false
795,Water use,Water withdrawal by sector,Irrigation water withdrawal,Turkmenistan,2020,26.25,10^9 m3/year,I,false
795,Water use,Water withdrawal by sector,Irrigation water withdrawal,Turkmenistan,2021,26.25,10^9 m3/year,I,false
795,Water use,Water withdrawal by sector,Irrigation water withdrawal,Turkmenistan,2022,26.25,10^9 m3/year,I,false
860,Water use,Water withdrawal by sector,Irrigation water withdrawal,Uzbekistan,2014,46.86,10^9 m3/year,A,false
860,Water use,Water withdrawal by sector,Irrigation water withdrawal,Uzbekistan,2015,49.97,10^9 m3/year,A,false
860,Water use,Water withdrawal by sector,Irrigation water withdrawal,Uzbekistan,2016,49.43,10^9 m3/year,A,false
860,Water use,Water withdrawal by sector,Irrigation water withdrawal,Uzbekistan,2017,53.7,10^9 m3/year,A,false
860,Water use,Water withdrawal by sector,Irrigation water withdrawal,Uzbekistan,2018,51.1315,10^9 m3/year,I,false
860,Water use,Water withdrawal by sector,Irrigation water withdrawal,Uzbekistan,2020,45.9,10^9 m3/year,A,false
860,Water use,Water withdrawal by sector,Irrigation water withdrawal,Uzbekistan,2021,38.5,10^9 m3/year,A,false
860,Water use,Water withdrawal by sector,Irrigation water withdrawal,Uzbekistan,2022,39.6,10^9 m3/year,A,false
795,Water use,Water withdrawal by sector,Municipal water withdrawal,Turkmenistan,1998,0.514333333,10^9 m3/year,I,false
795,Water use,Water withdrawal by sector,Municipal water withdrawal,Turkmenistan,1999,0.555666667,10^9 m3/year,I,false
795,Water use,Water withdrawal by sector,Municipal water withdrawal,Turkmenistan,2000,0.597,10^9 m3/year,E,false
795,Water use,Water withdrawal by sector,Municipal water withdrawal,Turkmenistan,2001,0.611085024,10^9 m3/year,I,false
795,Water use,Water withdrawal by sector,Municipal water withdrawal,Turkmenistan,2002,0.625170048,10^9 m3/year,I,false
795,Water use,Water withdrawal by sector,Municipal water withdrawal,Turkmenistan,2003,0.639255072,10^9 m3/year,I,false
795,Water use,Water withdrawal by sector,Municipal water withdrawal,Turkmenistan,2004,0.755,10^9 m3/year,A,false
795,Water use,Water withdrawal by sector,Municipal water withdrawal,Turkmenistan,2005,0.755368443,10^9 m3/year,I,false
795,Water use,Water withdrawal by sector,Municipal water withdrawal,Turkmenistan,2006,0.755736886,10^9 m3/year,I,false
795,Water use,Water withdrawal by sector,Municipal water withdrawal,Turkmenistan,2007,0.756105329,10^9 m3/year,I,false
795,Water use,Water withdrawal by sector,Municipal water withdrawal,Turkmenistan,2008,0.756473772,10^9 m3/year,I,false
795,Water use,Water withdrawal by sector,Municipal water withdrawal,Turkmenistan,2009,0.756842215,10^9 m3/year,I,false
795,Water use,Water withdrawal by sector,Municipal water withdrawal,Turkmenistan,2010,0.757210659,10^9 m3/year,I,false
795,Water use,Water withdrawal by sector,Municipal water withdrawal,Turkmenistan,2011,0.757579102,10^9 m3/year,I,false
795,Water use,Water withdrawal by sector,Municipal water withdrawal,Turkmenistan,2012,0.757947545,10^9 m3/year,I,false
795,Water use,Water withdrawal by sector,Municipal water withdrawal,Turkmenistan,2013,0.758315988,10^9 m3/year,I,false
795,Water use,Water withdrawal by sector,Municipal water withdrawal,Turkmenistan,2014,0.758684431,10^9 m3/year,I,false
795,Water use,Water withdrawal by sector,Municipal water withdrawal,Turkmenistan,2015,0.759052874,10^9 m3/year,I,false
795,Water use,Water withdrawal by sector,Municipal water withdrawal,Turkmenistan,2016,0.759421317,10^9 m3/year,I,false
795,Water use,Water withdrawal by sector,Municipal water withdrawal,Turkmenistan,2017,0.77936721,10^9 m3/year,I,false
795,Water use,Water withdrawal by sector,Municipal water withdrawal,Turkmenistan,2018,0.725992702,10^9 m3/year,I,false
795,Water use,Water withdrawal by sector,Municipal water withdrawal,Turkmenistan,2020,0.4535,10^9 m3/year,A,false
795,Water use,Water withdrawal by sector,Municipal water withdrawal,Turkmenistan,2021,0.4535,10^9 m3/year,I,false
795,Water use,Water withdrawal by sector,Municipal water withdrawal,Turkmenistan,2022,0.4535,10^9 m3/year,I,false
860,Water use,Water withdrawal by sector,Municipal water withdrawal,Uzbekistan,1998,3.078,10^9 m3/year,I,false
860,Water use,Water withdrawal by sector,Municipal water withdrawal,Uzbekistan,1999,3.202,10^9 m3/year,I,false
860,Water use,Water withdrawal by sector,Municipal water withdrawal,Uzbekistan,2000,3.326,10^9 m3/year,I,false
860,Water use,Water withdrawal by sector,Municipal water withdrawal,Uzbekistan,2001,3.45,10^9 m3/year,A,false
860,Water use,Water withdrawal by sector,Municipal water withdrawal,Uzbekistan,2002,3.6125,10^9 m3/year,I,false
860,Water use,Water withdrawal by sector,Municipal water withdrawal,Uzbekistan,2003,3.775,10^9 m3/year,I,false
860,Water use,Water withdrawal by sector,Municipal water withdrawal,Uzbekistan,2004,3.9375,10^9 m3/year,I,false
860,Water use,Water withdrawal by sector,Municipal water withdrawal,Uzbekistan,2005,4.1,10^9 m3/year,A,false
860,Water use,Water withdrawal by sector,Municipal water withdrawal,Uzbekistan,2006,3.903888889,10^9 m3/year,I,false
860,Water use,Water withdrawal by sector,Municipal water withdrawal,Uzbekistan,2007,3.707777778,10^9 m3/year,I,false
860,Water use,Water withdrawal by sector,Municipal water withdrawal,Uzbekistan,2008,3.511666667,10^9 m3/year,I,false
860,Water use,Water withdrawal by sector,Municipal water withdrawal,Uzbekistan,2009,3.315555556,10^9 m3/year,I,false
860,Water use,Water withdrawal by sector,Municipal water withdrawal,Uzbekistan,2010,3.119444444,10^9 m3/year,I,false
860,Water use,Water withdrawal by sector,Municipal water withdrawal,Uzbekistan,2011,2.923333333,10^9 m3/year,I,false
860,Water use,Water withdrawal by sector,Municipal water withdrawal,Uzbekistan,2012,2.727222222,10^9 m3/year,I,false
860,Water use,Water withdrawal by sector,Municipal water withdrawal,Uzbekistan,2013,2.531111111,10^9 m3/year,I,false
860,Water use,Water withdrawal by sector,Municipal water withdrawal,Uzbekistan,2014,2.335,10^9 m3/year,A,false
860,Water use,Water withdrawal by sector,Municipal water withdrawal,Uzbekistan,2015,2.407,10^9 m3/year,A,false
860,Water use,Water withdrawal by sector,Municipal water withdrawal,Uzbekistan,2016,2.436,10^9 m3/year,A,false
860,Water use,Water withdrawal by sector,Municipal water withdrawal,Uzbekistan,2017,2.41,10^9 m3/year,A,false
860,Water use,Water withdrawal by sector,Municipal water withdrawal,Uzbekistan,2018,2.3735,10^9 m3/year,I,false
860,Water use,Water withdrawal by sector,Municipal water withdrawal,Uzbekistan,2020,2.3,10^9 m3/year,A,false
860,Water use,Water withdrawal by sector,Municipal water withdrawal,Uzbekistan,2021,2.2,10^9 m3/year,A,false
860,Water use,Water withdrawal by sector,Municipal water withdrawal,Uzbekistan,2022,2.3,10^9 m3/year,A,false
795,Water use,Water withdrawal by sector,Municipal water withdrawal as % of total withdrawal,Turkmenistan,1998,2.096689595,%,E,false
795,Water use,Water withdrawal by sector,Municipal water withdrawal as % of total withdrawal,Turkmenistan,1999,2.247941017,%,E,false
795,Water use,Water withdrawal by sector,Municipal water withdrawal as % of total withdrawal,Turkmenistan,2000,2.396906906,%,E,false
795,Water use,Water withdrawal by sector,Municipal water withdrawal as % of total withdrawal,Turkmenistan,2001,2.396906906,%,E,false
795,Water use,Water withdrawal by sector,Municipal water withdrawal as % of total withdrawal,Turkmenistan,2002,2.396906906,%,E,false
795,Water use,Water withdrawal by sector,Municipal water withdrawal as % of total withdrawal,Turkmenistan,2003,2.396906906,%,E,false
795,Water use,Water withdrawal by sector,Municipal water withdrawal as % of total withdrawal,Turkmenistan,2004,2.700865708,%,E,false
795,Water use,Water withdrawal by sector,Municipal water withdrawal as % of total withdrawal,Turkmenistan,2005,2.700865708,%,E,false
795,Water use,Water withdrawal by sector,Municipal water withdrawal as % of total withdrawal,Turkmenistan,2006,2.700865708,%,E,false
795,Water use,Water withdrawal by sector,Municipal water withdrawal as % of total withdrawal,Turkmenistan,2007,2.700865708,%,E,false
795,Water use,Water withdrawal by sector,Municipal water withdrawal as % of total withdrawal,Turkmenistan,2008,2.700865708,%,E,false
795,Water use,Water withdrawal by sector,Municipal water withdrawal as % of total withdrawal,Turkmenistan,2009,2.700865708,%,E,false
795,Water use,Water withdrawal by sector,Municipal water withdrawal as % of total withdrawal,Turkmenistan,2010,2.700865708,%,E,false
795,Water use,Water withdrawal by sector,Municipal water withdrawal as % of total withdrawal,Turkmenistan,2011,2.700865708,%,E,false
795,Water use,Water withdrawal by sector,Municipal water withdrawal as % of total withdrawal,Turkmenistan,2012,2.700865708,%,E,false
795,Water use,Water withdrawal by sector,Municipal water withdrawal as % of total withdrawal,Turkmenistan,2013,2.700865708,%,E,false
795,Water use,Water withdrawal by sector,Municipal water withdrawal as % of total withdrawal,Turkmenistan,2014,2.700865708,%,E,false
795,Water use,Water withdrawal by sector,Municipal water withdrawal as % of total withdrawal,Turkmenistan,2015,2.700865708,%,E,false
795,Water use,Water withdrawal by sector,Municipal water withdrawal as % of total withdrawal,Turkmenistan,2016,2.700865708,%,E,false
795,Water use,Water withdrawal by sector,Municipal water withdrawal as % of total withdrawal,Turkmenistan,2017,2.700865708,%,E,false
795,Water use,Water withdrawal by sector,Municipal water withdrawal as % of total withdrawal,Turkmenistan,2018,2.700865708,%,E,false
795,Water use,Water withdrawal by sector,Municipal water withdrawal as % of total withdrawal,Turkmenistan,2020,1.727967933,%,E,false
795,Water use,Water withdrawal by sector,Municipal water withdrawal as % of total withdrawal,Turkmenistan,2021,2.609341267,%,E,false
795,Water use,Water withdrawal by sector,Municipal water withdrawal as % of total withdrawal,Turkmenistan,2022,2.609341267,%,E,false
860,Water use,Water withdrawal by sector,Municipal water withdrawal as % of total withdrawal,Uzbekistan,1998,5.173295557,%,E,false
860,Water use,Water withdrawal by sector,Municipal water withdrawal as % of total withdrawal,Uzbekistan,1999,5.349275674,%,E,false
860,Water use,Water withdrawal by sector,Municipal water withdrawal as % of total withdrawal,Uzbekistan,2000,5.523147544,%,E,false
860,Water use,Water withdrawal by sector,Municipal water withdrawal as % of total withdrawal,Uzbekistan,2001,5.694948828,%,E,false
860,Water use,Water withdrawal by sector,Municipal water withdrawal as % of total withdrawal,Uzbekistan,2002,6.078068478,%,E,false
860,Water use,Water withdrawal by sector,Municipal water withdrawal as % of total withdrawal,Uzbekistan,2003,6.476239492,%,E,false
860,Water use,Water withdrawal by sector,Municipal water withdrawal as % of total withdrawal,Uzbekistan,2004,6.890366611,%,E,false
860,Water use,Water withdrawal by sector,Municipal water withdrawal as % of total withdrawal,Uzbekistan,2005,7.321428571,%,E,false
860,Water use,Water withdrawal by sector,Municipal water withdrawal as % of total withdrawal,Uzbekistan,2006,7.029882252,%,E,false
860,Water use,Water withdrawal by sector,Municipal water withdrawal as % of total withdrawal,Uzbekistan,2007,6.733388486,%,E,false
860,Water use,Water withdrawal by sector,Municipal water withdrawal as % of total withdrawal,Uzbekistan,2008,6.431820263,%,E,false
860,Water use,Water withdrawal by sector,Municipal water withdrawal as % of total withdrawal,Uzbekistan,2009,6.125046184,%,E,false
860,Water use,Water withdrawal by sector,Municipal water withdrawal as % of total withdrawal,Uzbekistan,2010,5.812930276,%,E,false
860,Water use,Water withdrawal by sector,Municipal water withdrawal as % of total withdrawal,Uzbekistan,2011,5.495331788,%,E,false
860,Water use,Water withdrawal by sector,Municipal water withdrawal as % of total withdrawal,Uzbekistan,2012,5.17210498,%,E,false
860,Water use,Water withdrawal by sector,Municipal water withdrawal as % of total withdrawal,Uzbekistan,2013,4.843098903,%,E,false
860,Water use,Water withdrawal by sector,Municipal water withdrawal as % of total withdrawal,Uzbekistan,2014,4.508157158,%,E,false
860,Water use,Water withdrawal by sector,Municipal water withdrawal as % of total withdrawal,Uzbekistan,2015,4.365568775,%,E,false
860,Water use,Water withdrawal by sector,Municipal water withdrawal as % of total withdrawal,Uzbekistan,2016,4.464809384,%,E,false
860,Water use,Water withdrawal by sector,Municipal water withdrawal as % of total withdrawal,Uzbekistan,2017,4.091680815,%,E,false
860,Water use,Water withdrawal by sector,Municipal water withdrawal as % of total withdrawal,Uzbekistan,2018,4.20549984,%,E,false
860,Water use,Water withdrawal by sector,Municipal water withdrawal as % of total withdrawal,Uzbekistan,2020,4.483430799,%,E,false
860,Water use,Water withdrawal by sector,Municipal water withdrawal as % of total withdrawal,Uzbekistan,2021,5.034324943,%,E,false
860,Water use,Water withdrawal by sector,Municipal water withdrawal as % of total withdrawal,Uzbekistan,2022,5.168539326,%,E,false
795,Water use,Water withdrawal by sector,Municipal water withdrawal per capita (total population),Turkmenistan,1998,116.615466959,m3/inhab/year,E,false
795,Water use,Water withdrawal by sector,Municipal water withdrawal per capita (total population),Turkmenistan,1999,123.696713763,m3/inhab/year,E,false
795,Water use,Water withdrawal by sector,Municipal water withdrawal per capita (total population),Turkmenistan,2000,130.273200577,m3/inhab/year,E,false
795,Water use,Water withdrawal by sector,Municipal water withdrawal per capita (total population),Turkmenistan,2001,130.701939434,m3/inhab/year,E,false
795,Water use,Water withdrawal by sector,Municipal water withdrawal per capita (total population),Turkmenistan,2002,131.0776047,m3/inhab/year,E,false
795,Water use,Water withdrawal by sector,Municipal water withdrawal per capita (total population),Turkmenistan,2003,131.429443837,m3/inhab/year,E,false
795,Water use,Water withdrawal by sector,Municipal water withdrawal per capita (total population),Turkmenistan,2004,152.276288484,m3/inhab/year,E,false
795,Water use,Water withdrawal by sector,Municipal water withdrawal per capita (total population),Turkmenistan,2005,149.51108843,m3/inhab/year,E,false
795,Water use,Water withdrawal by sector,Municipal water withdrawal per capita (total population),Turkmenistan,2006,146.827563493,m3/inhab/year,E,false
795,Water use,Water withdrawal by sector,Municipal water withdrawal per capita (total population),Turkmenistan,2007,144.183580634,m3/inhab/year,E,false
795,Water use,Water withdrawal by sector,Municipal water withdrawal per capita (total population),Turkmenistan,2008,141.528469235,m3/inhab/year,E,false
795,Water use,Water withdrawal by sector,Municipal water withdrawal per capita (total population),Turkmenistan,2009,138.829577761,m3/inhab/year,E,false
795,Water use,Water withdrawal by sector,Municipal water withdrawal per capita (total population),Turkmenistan,2010,136.082353211,m3/inhab/year,E,false
795,Water use,Water withdrawal by sector,Municipal water withdrawal per capita (total population),Turkmenistan,2011,133.296413351,m3/inhab/year,E,false
795,Water use,Water withdrawal by sector,Municipal water withdrawal per capita (total population),Turkmenistan,2012,130.488343344,m3/inhab/year,E,false
795,Water use,Water withdrawal by sector,Municipal water withdrawal per capita (total population),Turkmenistan,2013,127.676789036,m3/inhab/year,E,false
795,Water use,Water withdrawal by sector,Municipal water withdrawal per capita (total population),Turkmenistan,2014,124.880508607,m3/inhab/year,E,false
795,Water use,Water withdrawal by sector,Municipal water withdrawal per capita (total population),Turkmenistan,2015,122.117271725,m3/inhab/year,E,false
795,Water use,Water withdrawal by sector,Municipal water withdrawal per capita (total population),Turkmenistan,2016,119.405097729,m3/inhab/year,E,false
795,Water use,Water withdrawal by sector,Municipal water withdrawal per capita (total population),Turkmenistan,2017,119.772537927,m3/inhab/year,E,false
795,Water use,Water withdrawal by sector,Municipal water withdrawal per capita (total population),Turkmenistan,2018,109.081223702,m3/inhab/year,E,false
795,Water use,Water withdrawal by sector,Municipal water withdrawal per capita (total population),Turkmenistan,2020,65.252624781,m3/inhab/year,E,false
795,Water use,Water withdrawal by sector,Municipal water withdrawal per capita (total population),Turkmenistan,2021,63.944902759,m3/inhab/year,E,false
795,Water use,Water withdrawal by sector,Municipal water withdrawal per capita (total population),Turkmenistan,2022,62.723083602,m3/inhab/year,E,false
860,Water use,Water withdrawal by sector,Municipal water withdrawal per capita (total population),Uzbekistan,1998,127.533004137,m3/inhab/year,E,false
860,Water use,Water withdrawal by sector,Municipal water withdrawal per capita (total population),Uzbekistan,1999,130.821986984,m3/inhab/year,E,false
860,Water use,Water withdrawal by sector,Municipal water withdrawal per capita (total population),Uzbekistan,2000,134.182948889,m3/inhab/year,E,false
860,Water use,Water withdrawal by sector,Municipal water withdrawal per capita (total population),Uzbekistan,2001,137.503431109,m3/inhab/year,E,false
860,Water use,Water withdrawal by sector,Municipal water withdrawal per capita (total population),Uzbekistan,2002,142.224521437,m3/inhab/year,E,false
860,Water use,Water withdrawal by sector,Municipal water withdrawal per capita (total population),Uzbekistan,2003,146.822837419,m3/inhab/year,E,false
860,Water use,Water withdrawal by sector,Municipal water withdrawal per capita (total population),Uzbekistan,2004,151.27154539,m3/inhab/year,E,false
860,Water use,Water withdrawal by sector,Municipal water withdrawal per capita (total population),Uzbekistan,2005,155.556552129,m3/inhab/year,E,false
860,Water use,Water withdrawal by sector,Municipal water withdrawal per capita (total population),Uzbekistan,2006,146.218302381,m3/inhab/year,E,false
860,Water use,Water withdrawal by sector,Municipal water withdrawal per capita (total population),Uzbekistan,2007,136.939602684,m3/inhab/year,E,false
860,Water use,Water withdrawal by sector,Municipal water withdrawal per capita (total population),Uzbekistan,2008,127.721241377,m3/inhab/year,E,false
860,Water use,Water withdrawal by sector,Municipal water withdrawal per capita (total population),Uzbekistan,2009,118.669839001,m3/inhab/year,E,false
860,Water use,Water withdrawal by sector,Municipal water withdrawal per capita (total population),Uzbekistan,2010,109.895678606,m3/inhab/year,E,false
860,Water use,Water withdrawal by sector,Municipal water withdrawal per capita (total population),Uzbekistan,2011,101.422941902,m3/inhab/year,E,false
860,Water use,Water withdrawal by sector,Municipal water withdrawal per capita (total population),Uzbekistan,2012,93.200439569,m3/inhab/year,E,false
860,Water use,Water withdrawal by sector,Municipal water withdrawal per capita (total population),Uzbekistan,2013,85.153598981,m3/inhab/year,E,false
860,Water use,Water withdrawal by sector,Municipal water withdrawal per capita (total population),Uzbekistan,2014,77.259056465,m3/inhab/year,E,false
860,Water use,Water withdrawal by sector,Municipal water withdrawal per capita (total population),Uzbekistan,2015,78.278087606,m3/inhab/year,E,false
860,Water use,Water withdrawal by sector,Municipal water withdrawal per capita (total population),Uzbekistan,2016,77.865866647,m3/inhab/year,E,false
860,Water use,Water withdrawal by sector,Municipal water withdrawal per capita (total population),Uzbekistan,2017,75.740485816,m3/inhab/year,E,false
860,Water use,Water withdrawal by sector,Municipal water withdrawal per capita (total population),Uzbekistan,2018,73.316160846,m3/inhab/year,E,false
860,Water use,Water withdrawal by sector,Municipal water withdrawal per capita (total population),Uzbekistan,2020,68.480156178,m3/inhab/year,E,false
860,Water use,Water withdrawal by sector,Municipal water withdrawal per capita (total population),Uzbekistan,2021,64.245401548,m3/inhab/year,E,false
860,Water use,Water withdrawal by sector,Municipal water withdrawal per capita (total population),Uzbekistan,2022,65.829101071,m3/inhab/year,E,false
795,Water use,Water withdrawal by sector,Total water withdrawal,Turkmenistan,1998,24.530733333,10^9 m3/year,I,false
795,Water use,Water withdrawal by sector,Total water withdrawal,Turkmenistan,1999,24.718916667,10^9 m3/year,I,false
795,Water use,Water withdrawal by sector,Total water withdrawal,Turkmenistan,2000,24.9071,10^9 m3/year,E,false
795,Water use,Water withdrawal by sector,Total water withdrawal,Turkmenistan,2001,25.494733333,10^9 m3/year,I,false
795,Water use,Water withdrawal by sector,Total water withdrawal,Turkmenistan,2002,26.082366667,10^9 m3/year,I,false
795,Water use,Water withdrawal by sector,Total water withdrawal,Turkmenistan,2003,26.67,10^9 m3/year,A,false
795,Water use,Water withdrawal by sector,Total water withdrawal,Turkmenistan,2004,27.954,10^9 m3/year,E,false
795,Water use,Water withdrawal by sector,Total water withdrawal,Turkmenistan,2005,27.967641667,10^9 m3/year,I,false
795,Water use,Water withdrawal by sector,Total water withdrawal,Turkmenistan,2006,27.981283333,10^9 m3/year,I,false
795,Water use,Water withdrawal by sector,Total water withdrawal,Turkmenistan,2007,27.994925,10^9 m3/year,I,false
795,Water use,Water withdrawal by sector,Total water withdrawal,Turkmenistan,2008,28.008566667,10^9 m3/year,I,false
795,Water use,Water withdrawal by sector,Total water withdrawal,Turkmenistan,2009,28.022208333,10^9 m3/year,I,false
795,Water use,Water withdrawal by sector,Total water withdrawal,Turkmenistan,2010,28.03585,10^9 m3/year,I,false
795,Water use,Water withdrawal by sector,Total water withdrawal,Turkmenistan,2011,28.049491667,10^9 m3/year,I,false
795,Water use,Water withdrawal by sector,Total water withdrawal,Turkmenistan,2012,28.063133333,10^9 m3/year,I,false
795,Water use,Water withdrawal by sector,Total water withdrawal,Turkmenistan,2013,28.076775,10^9 m3/year,I,false
795,Water use,Water withdrawal by sector,Total water withdrawal,Turkmenistan,2014,28.090416667,10^9 m3/year,I,false
795,Water use,Water withdrawal by sector,Total water withdrawal,Turkmenistan,2015,28.104058333,10^9 m3/year,I,false
795,Water use,Water withdrawal by sector,Total water withdrawal,Turkmenistan,2016,28.1177,10^9 m3/year,A,false
795,Water use,Water withdrawal by sector,Total water withdrawal,Turkmenistan,2017,28.8562,10^9 m3/year,A,false
795,Water use,Water withdrawal by sector,Total water withdrawal,Turkmenistan,2018,26.88,10^9 m3/year,A,false
795,Water use,Water withdrawal by sector,Total water withdrawal,Turkmenistan,2020,26.2447,10^9 m3/year,A,false
795,Water use,Water withdrawal by sector,Total water withdrawal,Turkmenistan,2021,17.3798654,10^9 m3/year,E,false
795,Water use,Water withdrawal by sector,Total water withdrawal,Turkmenistan,2022,17.3798654,10^9 m3/year,E,false
860,Water use,Water withdrawal by sector,Total water withdrawal,Uzbekistan,1998,59.497857143,10^9 m3/year,I,false
860,Water use,Water withdrawal by sector,Total water withdrawal,Uzbekistan,1999,59.858571429,10^9 m3/year,I,false
860,Water use,Water withdrawal by sector,Total water withdrawal,Uzbekistan,2000,60.219285714,10^9 m3/year,I,false
860,Water use,Water withdrawal by sector,Total water withdrawal,Uzbekistan,2001,60.58,10^9 m3/year,E,false
860,Water use,Water withdrawal by sector,Total water withdrawal,Uzbekistan,2002,59.435,10^9 m3/year,I,false
860,Water use,Water withdrawal by sector,Total water withdrawal,Uzbekistan,2003,58.29,10^9 m3/year,I,false
860,Water use,Water withdrawal by sector,Total water withdrawal,Uzbekistan,2004,57.145,10^9 m3/year,I,false
860,Water use,Water withdrawal by sector,Total water withdrawal,Uzbekistan,2005,56,10^9 m3/year,E,false
860,Water use,Water withdrawal by sector,Total water withdrawal,Uzbekistan,2006,55.532777778,10^9 m3/year,I,false
860,Water use,Water withdrawal by sector,Total water withdrawal,Uzbekistan,2007,55.065555556,10^9 m3/year,I,false
860,Water use,Water withdrawal by sector,Total water withdrawal,Uzbekistan,2008,54.598333333,10^9 m3/year,I,false
860,Water use,Water withdrawal by sector,Total water withdrawal,Uzbekistan,2009,54.131111111,10^9 m3/year,I,false
860,Water use,Water withdrawal by sector,Total water withdrawal,Uzbekistan,2010,53.663888889,10^9 m3/year,I,false
860,Water use,Water withdrawal by sector,Total water withdrawal,Uzbekistan,2011,53.196666667,10^9 m3/year,I,false
860,Water use,Water withdrawal by sector,Total water withdrawal,Uzbekistan,2012,52.729444444,10^9 m3/year,I,false
860,Water use,Water withdrawal by sector,Total water withdrawal,Uzbekistan,2013,52.262222222,10^9 m3/year,I,false
860,Water use,Water withdrawal by sector,Total water withdrawal,Uzbekistan,2014,51.795,10^9 m3/year,E,false
860,Water use,Water withdrawal by sector,Total water withdrawal,Uzbekistan,2015,55.136,10^9 m3/year,E,false
860,Water use,Water withdrawal by sector,Total water withdrawal,Uzbekistan,2016,54.56,10^9 m3/year,E,false
860,Water use,Water withdrawal by sector,Total water withdrawal,Uzbekistan,2017,58.9,10^9 m3/year,E,false
860,Water use,Water withdrawal by sector,Total water withdrawal,Uzbekistan,2018,56.438,10^9 m3/year,I,false
860,Water use,Water withdrawal by sector,Total water withdrawal,Uzbekistan,2020,51.3,10^9 m3/year,A,false
860,Water use,Water withdrawal by sector,Total water withdrawal,Uzbekistan,2021,43.7,10^9 m3/year,A,false
860,Water use,Water withdrawal by sector,Total water withdrawal,Uzbekistan,2022,44.5,10^9 m3/year,A,false
795,Water use,Water withdrawal by sector,Total water withdrawal per capita,Turkmenistan,1998,5561.885137771,m3/inhab/year,E,false
795,Water use,Water withdrawal by sector,Total water withdrawal per capita,Turkmenistan,1999,5502.667233579,m3/inhab/year,E,false
795,Water use,Water withdrawal by sector,Total water withdrawal per capita,Turkmenistan,2000,5435.054663464,m3/inhab/year,E,false
795,Water use,Water withdrawal by sector,Total water withdrawal per capita,Turkmenistan,2001,5452.94183532,m3/inhab/year,E,false
795,Water use,Water withdrawal by sector,Total water withdrawal per capita,Turkmenistan,2002,5468.614753786,m3/inhab/year,E,false
795,Water use,Water withdrawal by sector,Total water withdrawal per capita,Turkmenistan,2003,5483.293635822,m3/inhab/year,E,false
795,Water use,Water withdrawal by sector,Total water withdrawal per capita,Turkmenistan,2004,5638.054792437,m3/inhab/year,E,false
795,Water use,Water withdrawal by sector,Total water withdrawal per capita,Turkmenistan,2005,5535.672802604,m3/inhab/year,E,false
795,Water use,Water withdrawal by sector,Total water withdrawal per capita,Turkmenistan,2006,5436.314847537,m3/inhab/year,E,false
795,Water use,Water withdrawal by sector,Total water withdrawal per capita,Turkmenistan,2007,5338.420944439,m3/inhab/year,E,false
795,Water use,Water withdrawal by sector,Total water withdrawal per capita,Turkmenistan,2008,5240.115005301,m3/inhab/year,E,false
795,Water use,Water withdrawal by sector,Total water withdrawal per capita,Turkmenistan,2009,5140.188101628,m3/inhab/year,E,false
795,Water use,Water withdrawal by sector,Total water withdrawal per capita,Turkmenistan,2010,5038.471657816,m3/inhab/year,E,false
795,Water use,Water withdrawal by sector,Total water withdrawal per capita,Turkmenistan,2011,4935.321773269,m3/inhab/year,E,false
795,Water use,Water withdrawal by sector,Total water withdrawal per capita,Turkmenistan,2012,4831.352516333,m3/inhab/year,E,false
795,Water use,Water withdrawal by sector,Total water withdrawal per capita,Turkmenistan,2013,4727.254252618,m3/inhab/year,E,false
795,Water use,Water withdrawal by sector,Total water withdrawal per capita,Turkmenistan,2014,4623.721506746,m3/inhab/year,E,false
795,Water use,Water withdrawal by sector,Total water withdrawal per capita,Turkmenistan,2015,4521.412203691,m3/inhab/year,E,false
795,Water use,Water withdrawal by sector,Total water withdrawal per capita,Turkmenistan,2016,4420.993512463,m3/inhab/year,E,false
795,Water use,Water withdrawal by sector,Total water withdrawal per capita,Turkmenistan,2017,4434.598046645,m3/inhab/year,E,false
795,Water use,Water withdrawal by sector,Total water withdrawal per capita,Turkmenistan,2018,4038.750367364,m3/inhab/year,E,false
795,Water use,Water withdrawal by sector,Total water withdrawal per capita,Turkmenistan,2020,3776.263641899,m3/inhab/year,E,false
795,Water use,Water withdrawal by sector,Total water withdrawal per capita,Turkmenistan,2021,2450.614780579,m3/inhab/year,E,false
795,Water use,Water withdrawal by sector,Total water withdrawal per capita,Turkmenistan,2022,2403.789968027,m3/inhab/year,E,false
860,Water use,Water withdrawal by sector,Total water withdrawal per capita,Uzbekistan,1998,2465.21782363,m3/inhab/year,E,false
860,Water use,Water withdrawal by sector,Total water withdrawal per capita,Uzbekistan,1999,2445.601890168,m3/inhab/year,E,false
860,Water use,Water withdrawal by sector,Total water withdrawal per capita,Uzbekistan,2000,2429.46522464,m3/inhab/year,E,false
860,Water use,Water withdrawal by sector,Total water withdrawal per capita,Uzbekistan,2001,2414.480538143,m3/inhab/year,E,false
860,Water use,Water withdrawal by sector,Total water withdrawal per capita,Uzbekistan,2002,2339.962472411,m3/inhab/year,E,false
860,Water use,Water withdrawal by sector,Total water withdrawal per capita,Uzbekistan,2003,2267.10018362,m3/inhab/year,E,false
860,Water use,Water withdrawal by sector,Total water withdrawal per capita,Uzbekistan,2004,2195.406339382,m3/inhab/year,E,false
860,Water use,Water withdrawal by sector,Total water withdrawal per capita,Uzbekistan,2005,2124.674858351,m3/inhab/year,E,false
860,Water use,Water withdrawal by sector,Total water withdrawal per capita,Uzbekistan,2006,2079.953790772,m3/inhab/year,E,false
860,Water use,Water withdrawal by sector,Total water withdrawal per capita,Uzbekistan,2007,2033.73981702,m3/inhab/year,E,false
860,Water use,Water withdrawal by sector,Total water withdrawal per capita,Uzbekistan,2008,1985.771308152,m3/inhab/year,E,false
860,Water use,Water withdrawal by sector,Total water withdrawal per capita,Uzbekistan,2009,1937.452150285,m3/inhab/year,E,false
860,Water use,Water withdrawal by sector,Total water withdrawal per capita,Uzbekistan,2010,1890.538392688,m3/inhab/year,E,false
860,Water use,Water withdrawal by sector,Total water withdrawal per capita,Uzbekistan,2011,1845.619988382,m3/inhab/year,E,false
860,Water use,Water withdrawal by sector,Total water withdrawal per capita,Uzbekistan,2012,1801.982750214,m3/inhab/year,E,false
860,Water use,Water withdrawal by sector,Total water withdrawal per capita,Uzbekistan,2013,1758.246128927,m3/inhab/year,E,false
860,Water use,Water withdrawal by sector,Total water withdrawal per capita,Uzbekistan,2014,1713.761383138,m3/inhab/year,E,false
860,Water use,Water withdrawal by sector,Total water withdrawal per capita,Uzbekistan,2015,1793.078786131,m3/inhab/year,E,false
860,Water use,Water withdrawal by sector,Total water withdrawal per capita,Uzbekistan,2016,1743.99083919,m3/inhab/year,E,false
860,Water use,Water withdrawal by sector,Total water withdrawal per capita,Uzbekistan,2017,1851.084902319,m3/inhab/year,E,false
860,Water use,Water withdrawal by sector,Total water withdrawal per capita,Uzbekistan,2018,1743.339998252,m3/inhab/year,E,false
860,Water use,Water withdrawal by sector,Total water withdrawal per capita,Uzbekistan,2020,1527.405222571,m3/inhab/year,E,false
860,Water use,Water withdrawal by sector,Total water withdrawal per capita,Uzbekistan,2021,1276.147294381,m3/inhab/year,E,false
860,Water use,Water withdrawal by sector,Total water withdrawal per capita,Uzbekistan,2022,1273.649998977,m3/inhab/year,E,false
795,Water use,Water withdrawal by sector,Water withdrawal for aquaculture,Turkmenistan,2004,0.028,10^9 m3/year,A,false
795,Water use,Water withdrawal by sector,Water withdrawal for aquaculture,Turkmenistan,2005,0.028,10^9 m3/year,I,false
795,Water use,Water withdrawal by sector,Water withdrawal for aquaculture,Turkmenistan,2006,0.028,10^9 m3/year,I,false
795,Water use,Water withdrawal by sector,Water withdrawal for aquaculture,Turkmenistan,2007,0.028,10^9 m3/year,I,false
795,Water use,Water withdrawal by sector,Water withdrawal for aquaculture,Turkmenistan,2008,0.028,10^9 m3/year,I,false
795,Water use,Water withdrawal by sector,Water withdrawal for aquaculture,Turkmenistan,2009,0.028,10^9 m3/year,I,false
795,Water use,Water withdrawal by sector,Water withdrawal for aquaculture,Turkmenistan,2010,0.028,10^9 m3/year,I,false
795,Water use,Water withdrawal by sector,Water withdrawal for aquaculture,Turkmenistan,2011,0.028,10^9 m3/year,I,false
795,Water use,Water withdrawal by sector,Water withdrawal for aquaculture,Turkmenistan,2012,0.028,10^9 m3/year,I,false
795,Water use,Water withdrawal by sector,Water withdrawal for aquaculture,Turkmenistan,2013,0.028,10^9 m3/year,I,false
795,Water use,Water withdrawal by sector,Water withdrawal for aquaculture,Turkmenistan,2014,0.028,10^9 m3/year,I,false
795,Water use,Water withdrawal by sector,Water withdrawal for aquaculture,Turkmenistan,2015,0.028,10^9 m3/year,I,false
795,Water use,Water withdrawal by sector,Water withdrawal for aquaculture,Turkmenistan,2016,0.028,10^9 m3/year,I,false
795,Water use,Water withdrawal by sector,Water withdrawal for aquaculture,Turkmenistan,2017,0.028,10^9 m3/year,I,false
795,Water use,Water withdrawal by sector,Water withdrawal for aquaculture,Turkmenistan,2018,0.028,10^9 m3/year,I,false
795,Water use,Water withdrawal by sector,Water withdrawal for aquaculture,Turkmenistan,2020,0.028,10^9 m3/year,I,false
795,Water use,Water withdrawal by sector,Water withdrawal for aquaculture,Turkmenistan,2021,0.028,10^9 m3/year,I,false
795,Water use,Water withdrawal by sector,Water withdrawal for aquaculture,Turkmenistan,2022,0.028,10^9 m3/year,I,false
860,Water use,Water withdrawal by sector,Water withdrawal for aquaculture,Uzbekistan,2014,0.5618,10^9 m3/year,A,false
860,Water use,Water withdrawal by sector,Water withdrawal for aquaculture,Uzbekistan,2015,0.803,10^9 m3/year,A,false
860,Water use,Water withdrawal by sector,Water withdrawal for aquaculture,Uzbekistan,2016,0.5764,10^9 m3/year,A,false
860,Water use,Water withdrawal by sector,Water withdrawal for aquaculture,Uzbekistan,2017,0.66,10^9 m3/year,A,false
860,Water use,Water withdrawal by sector,Water withdrawal for aquaculture,Uzbekistan,2018,0.655,10^9 m3/year,I,false
860,Water use,Water withdrawal by sector,Water withdrawal for aquaculture,Uzbekistan,2020,0.8,10^9 m3/year,A,false
860,Water use,Water withdrawal by sector,Water withdrawal for aquaculture,Uzbekistan,2021,0.7,10^9 m3/year,A,false
860,Water use,Water withdrawal by sector,Water withdrawal for aquaculture,Uzbekistan,2022,0.8,10^9 m3/year,A,false
860,Water use,Water withdrawal by sector,Water withdrawal for cooling of thermoelectric plants,Uzbekistan,2020,0.3,10^9 m3/year,A,false
860,Water use,Water withdrawal by sector,Water withdrawal for cooling of thermoelectric plants,Uzbekistan,2021,0.3,10^9 m3/year,A,false
860,Water use,Water withdrawal by sector,Water withdrawal for cooling of thermoelectric plants,Uzbekistan,2022,0.3,10^9 m3/year,A,false
795,Water use,Water withdrawal by sector,Water withdrawal for livestock (watering and cleaning),Turkmenistan,2004,0.084,10^9 m3/year,A,false
795,Water use,Water withdrawal by sector,Water withdrawal for livestock (watering and cleaning),Turkmenistan,2005,0.084,10^9 m3/year,I,false
795,Water use,Water withdrawal by sector,Water withdrawal for livestock (watering and cleaning),Turkmenistan,2006,0.084,10^9 m3/year,I,false
795,Water use,Water withdrawal by sector,Water withdrawal for livestock (watering and cleaning),Turkmenistan,2007,0.084,10^9 m3/year,I,false
795,Water use,Water withdrawal by sector,Water withdrawal for livestock (watering and cleaning),Turkmenistan,2008,0.084,10^9 m3/year,I,false
795,Water use,Water withdrawal by sector,Water withdrawal for livestock (watering and cleaning),Turkmenistan,2009,0.084,10^9 m3/year,I,false
795,Water use,Water withdrawal by sector,Water withdrawal for livestock (watering and cleaning),Turkmenistan,2010,0.084,10^9 m3/year,I,false
795,Water use,Water withdrawal by sector,Water withdrawal for livestock (watering and cleaning),Turkmenistan,2011,0.084,10^9 m3/year,I,false
795,Water use,Water withdrawal by sector,Water withdrawal for livestock (watering and cleaning),Turkmenistan,2012,0.084,10^9 m3/year,I,false
795,Water use,Water withdrawal by sector,Water withdrawal for livestock (watering and cleaning),Turkmenistan,2013,0.084,10^9 m3/year,I,false
795,Water use,Water withdrawal by sector,Water withdrawal for livestock (watering and cleaning),Turkmenistan,2014,0.084,10^9 m3/year,I,false
795,Water use,Water withdrawal by sector,Water withdrawal for livestock (watering and cleaning),Turkmenistan,2015,0.084,10^9 m3/year,I,false
795,Water use,Water withdrawal by sector,Water withdrawal for livestock (watering and cleaning),Turkmenistan,2016,0.084,10^9 m3/year,I,false
795,Water use,Water withdrawal by sector,Water withdrawal for livestock (watering and cleaning),Turkmenistan,2017,0.084,10^9 m3/year,I,false
795,Water use,Water withdrawal by sector,Water withdrawal for livestock (watering and cleaning),Turkmenistan,2018,0.084,10^9 m3/year,I,false
795,Water use,Water withdrawal by sector,Water withdrawal for livestock (watering and cleaning),Turkmenistan,2020,0.084,10^9 m3/year,I,false
795,Water use,Water withdrawal by sector,Water withdrawal for livestock (watering and cleaning),Turkmenistan,2021,0.084,10^9 m3/year,I,false
795,Water use,Water withdrawal by sector,Water withdrawal for livestock (watering and cleaning),Turkmenistan,2022,0.084,10^9 m3/year,I,false
860,Water use,Water withdrawal by sector,Water withdrawal for livestock (watering and cleaning),Uzbekistan,2020,0.5,10^9 m3/year,A,false
860,Water use,Water withdrawal by sector,Water withdrawal for livestock (watering and cleaning),Uzbekistan,2021,0.5,10^9 m3/year,A,false
860,Water use,Water withdrawal by sector,Water withdrawal for livestock (watering and cleaning),Uzbekistan,2022,0.6,10^9 m3/year,A,false
